date,ETC_5
18-07-2025,Mention
19-07-2025,Follow
20-07-2025,Stop
21-07-2025,Cross
22-07-2025,Continue
23-07-2025,Near
24-07-2025,Far
25-07-2025,Left
26-07-2025,Right
27-07-2025,Slowly
28-07-2025,Carefully
29-07-2025,Ask
30-07-2025,Belong
31-07-2025,Feel
01-08-2025,Admire
02-08-2025,Strong
03-08-2025,Honest
04-08-2025,Quickly
05-08-2025,Proud
06-08-2025,Share
07-08-2025,Care
08-08-2025,Gently
09-08-2025,Bravely
10-08-2025,Hesitate
11-08-2025,Remind
12-08-2025,Blame
13-08-2025,Teach
14-08-2025,Trust
15-08-2025,Confident
16-08-2025,Proud
17-08-2025,Gently
18-08-2025,Quickly
19-08-2025,Correct
20-08-2025,Handle
21-08-2025,Calmly
22-08-2025,Repeat
23-08-2025,Choose
24-08-2025,Compare
25-08-2025,Count
26-08-2025,Agree
27-08-2025,Divide
28-08-2025,Select
29-08-2025,Equally
30-08-2025,Randomly
31-08-2025,Slightly
01-09-2025,Frequently
02-09-2025,Clearly
03-09-2025,Carefully
04-09-2025,Type
05-09-2025,Greet
06-09-2025,Mention
07-09-2025,Attach
08-09-2025,Reply
09-09-2025,Clearly
10-09-2025,Politely
11-09-2025,Briefly
12-09-2025,Request
13-09-2025,Forward
14-09-2025,Thank
15-09-2025,Formally
16-09-2025,
17-09-2025,
18-09-2025,
19-09-2025,
20-09-2025,
21-09-2025,
22-09-2025,
23-09-2025,
24-09-2025,
25-09-2025,
26-09-2025,
27-09-2025,
28-09-2025,
29-09-2025,
30-09-2025,
01-10-2025,
02-10-2025,
03-10-2025,
04-10-2025,
05-10-2025,
06-10-2025,
07-10-2025,
08-10-2025,
09-10-2025,
10-10-2025,
11-10-2025,
12-10-2025,
13-10-2025,
14-10-2025,
15-10-2025,
16-10-2025,
17-10-2025,
18-10-2025,
19-10-2025,
20-10-2025,
21-10-2025,
22-10-2025,
23-10-2025,
24-10-2025,
25-10-2025,
26-10-2025,
27-10-2025,
28-10-2025,
29-10-2025,
30-10-2025,
31-10-2025,
01-11-2025,
02-11-2025,
03-11-2025,
04-11-2025,
05-11-2025,
06-11-2025,
07-11-2025,
08-11-2025,
09-11-2025,
10-11-2025,
11-11-2025,
12-11-2025,
13-11-2025,
14-11-2025,
15-11-2025,
16-11-2025,
17-11-2025,
18-11-2025,
19-11-2025,
20-11-2025,
21-11-2025,
22-11-2025,
23-11-2025,
24-11-2025,
25-11-2025,
26-11-2025,
27-11-2025,
28-11-2025,
29-11-2025,
30-11-2025,
01-12-2025,
02-12-2025,
03-12-2025,
04-12-2025,
05-12-2025,
06-12-2025,
07-12-2025,
08-12-2025,
09-12-2025,
10-12-2025,
11-12-2025,
12-12-2025,
13-12-2025,
14-12-2025,
15-12-2025,
16-12-2025,
17-12-2025,
18-12-2025,
19-12-2025,
20-12-2025,
21-12-2025,
22-12-2025,
23-12-2025,
24-12-2025,
25-12-2025,
26-12-2025,
27-12-2025,
28-12-2025,
29-12-2025,
30-12-2025,
31-12-2025,
01-01-2026,
02-01-2026,
03-01-2026,
04-01-2026,
05-01-2026,
06-01-2026,
07-01-2026,
08-01-2026,
09-01-2026,
10-01-2026,
11-01-2026,
12-01-2026,
13-01-2026,
14-01-2026,
15-01-2026,
16-01-2026,
17-01-2026,
18-01-2026,
19-01-2026,
20-01-2026,
21-01-2026,
22-01-2026,
23-01-2026,
24-01-2026,
25-01-2026,
26-01-2026,
27-01-2026,
28-01-2026,
29-01-2026,
30-01-2026,
31-01-2026,
01-02-2026,
02-02-2026,
03-02-2026,
04-02-2026,
05-02-2026,
06-02-2026,
07-02-2026,
08-02-2026,
09-02-2026,
10-02-2026,
11-02-2026,
12-02-2026,
13-02-2026,
14-02-2026,
15-02-2026,
16-02-2026,
17-02-2026,
18-02-2026,
19-02-2026,
20-02-2026,
21-02-2026,
22-02-2026,
23-02-2026,
24-02-2026,
25-02-2026,
26-02-2026,
27-02-2026,
28-02-2026,
01-03-2026,
02-03-2026,
03-03-2026,
04-03-2026,
05-03-2026,
06-03-2026,
07-03-2026,
08-03-2026,
09-03-2026,
10-03-2026,
11-03-2026,
12-03-2026,
13-03-2026,
14-03-2026,
15-03-2026,
16-03-2026,
17-03-2026,
18-03-2026,
19-03-2026,
20-03-2026,
21-03-2026,
22-03-2026,
23-03-2026,
24-03-2026,
25-03-2026,
26-03-2026,
27-03-2026,
28-03-2026,
29-03-2026,
30-03-2026,
31-03-2026,
01-04-2026,
02-04-2026,
03-04-2026,
04-04-2026,
05-04-2026,
06-04-2026,
07-04-2026,
08-04-2026,
09-04-2026,
10-04-2026,
11-04-2026,
12-04-2026,
13-04-2026,
14-04-2026,
15-04-2026,
16-04-2026,
17-04-2026,
18-04-2026,
19-04-2026,
20-04-2026,
21-04-2026,
22-04-2026,
23-04-2026,
24-04-2026,
25-04-2026,
26-04-2026,
27-04-2026,
28-04-2026,
29-04-2026,
30-04-2026,
01-05-2026,
02-05-2026,
03-05-2026,
04-05-2026,
05-05-2026,
06-05-2026,
07-05-2026,
08-05-2026,
09-05-2026,
10-05-2026,
11-05-2026,
12-05-2026,
13-05-2026,
14-05-2026,
15-05-2026,
16-05-2026,
17-05-2026,
18-05-2026,
19-05-2026,
20-05-2026,
21-05-2026,
22-05-2026,
23-05-2026,
24-05-2026,
25-05-2026,
